<?xml version="1.0" encoding="UTF-8"?>
<GenRun Id="impl_1" LaunchPart="xc7s15ftgb196-1" LaunchTime="1611574855">
  <File Type="BITSTR-BMM" Name="WIFI_TOP_bd.bmm"/>
  <File Type="OPT-METHODOLOGY-DRC" Name="WIFI_TOP_methodology_drc_opted.rpt"/>
  <File Type="INIT-TIMING" Name="WIFI_TOP_timing_summary_init.rpt"/>
  <File Type="ROUTE-PWR" Name="WIFI_TOP_power_routed.rpt"/>
  <File Type="PA-TCL" Name="WIFI_TOP.tcl"/>
  <File Type="OPT-TIMING" Name="WIFI_TOP_timing_summary_opted.rpt"/>
  <File Type="OPT-DCP" Name="WIFI_TOP_opt.dcp"/>
  <File Type="ROUTE-PWR-SUM" Name="WIFI_TOP_power_summary_routed.pb"/>
  <File Type="REPORTS-TCL" Name="WIFI_TOP_reports.tcl"/>
  <File Type="OPT-DRC" Name="WIFI_TOP_drc_opted.rpt"/>
  <File Type="OPT-HWDEF" Name="WIFI_TOP.hwdef"/>
  <File Type="PWROPT-DCP" Name="WIFI_TOP_pwropt.dcp"/>
  <File Type="PWROPT-DRC" Name="WIFI_TOP_drc_pwropted.rpt"/>
  <File Type="PWROPT-TIMING" Name="WIFI_TOP_timing_summary_pwropted.rpt"/>
  <File Type="PLACE-DCP" Name="WIFI_TOP_placed.dcp"/>
  <File Type="PLACE-IO" Name="WIFI_TOP_io_placed.rpt"/>
  <File Type="PLACE-CLK" Name="WIFI_TOP_clock_utilization_placed.rpt"/>
  <File Type="PLACE-UTIL" Name="WIFI_TOP_utilization_placed.rpt"/>
  <File Type="PLACE-UTIL-PB" Name="WIFI_TOP_utilization_placed.pb"/>
  <File Type="PLACE-CTRL" Name="WIFI_TOP_control_sets_placed.rpt"/>
  <File Type="PLACE-SIMILARITY" Name="WIFI_TOP_incremental_reuse_placed.rpt"/>
  <File Type="PLACE-PRE-SIMILARITY" Name="WIFI_TOP_incremental_reuse_pre_placed.rpt"/>
  <File Type="BG-BGN" Name="WIFI_TOP.bgn"/>
  <File Type="PLACE-TIMING" Name="WIFI_TOP_timing_summary_placed.rpt"/>
  <File Type="POSTPLACE-PWROPT-DCP" Name="WIFI_TOP_postplace_pwropt.dcp"/>
  <File Type="BG-BIN" Name="WIFI_TOP.bin"/>
  <File Type="POSTPLACE-PWROPT-TIMING" Name="WIFI_TOP_timing_summary_postplace_pwropted.rpt"/>
  <File Type="PHYSOPT-DCP" Name="WIFI_TOP_physopt.dcp"/>
  <File Type="PHYSOPT-DRC" Name="WIFI_TOP_drc_physopted.rpt"/>
  <File Type="BITSTR-MSK" Name="WIFI_TOP.msk"/>
  <File Type="PHYSOPT-TIMING" Name="WIFI_TOP_timing_summary_physopted.rpt"/>
  <File Type="ROUTE-ERROR-DCP" Name="WIFI_TOP_routed_error.dcp"/>
  <File Type="ROUTE-DCP" Name="WIFI_TOP_routed.dcp"/>
  <File Type="ROUTE-BLACKBOX-DCP" Name="WIFI_TOP_routed_bb.dcp"/>
  <File Type="ROUTE-DRC" Name="WIFI_TOP_drc_routed.rpt"/>
  <File Type="ROUTE-DRC-PB" Name="WIFI_TOP_drc_routed.pb"/>
  <File Type="BITSTR-LTX" Name="debug_nets.ltx"/>
  <File Type="BITSTR-LTX" Name="WIFI_TOP.ltx"/>
  <File Type="ROUTE-DRC-RPX" Name="WIFI_TOP_drc_routed.rpx"/>
  <File Type="BITSTR-MMI" Name="WIFI_TOP.mmi"/>
  <File Type="ROUTE-METHODOLOGY-DRC" Name="WIFI_TOP_methodology_drc_routed.rpt"/>
  <File Type="ROUTE-METHODOLOGY-DRC-RPX" Name="WIFI_TOP_methodology_drc_routed.rpx"/>
  <File Type="BITSTR-SYSDEF" Name="WIFI_TOP.sysdef"/>
  <File Type="ROUTE-METHODOLOGY-DRC-PB" Name="WIFI_TOP_methodology_drc_routed.pb"/>
  <File Type="ROUTE-PWR-RPX" Name="WIFI_TOP_power_routed.rpx"/>
  <File Type="ROUTE-STATUS" Name="WIFI_TOP_route_status.rpt"/>
  <File Type="ROUTE-STATUS-PB" Name="WIFI_TOP_route_status.pb"/>
  <File Type="ROUTE-TIMINGSUMMARY" Name="WIFI_TOP_timing_summary_routed.rpt"/>
  <File Type="ROUTE-TIMING-PB" Name="WIFI_TOP_timing_summary_routed.pb"/>
  <File Type="ROUTE-TIMING-RPX" Name="WIFI_TOP_timing_summary_routed.rpx"/>
  <File Type="ROUTE-SIMILARITY" Name="WIFI_TOP_incremental_reuse_routed.rpt"/>
  <File Type="ROUTE-CLK" Name="WIFI_TOP_clock_utilization_routed.rpt"/>
  <File Type="ROUTE-BUS-SKEW" Name="WIFI_TOP_bus_skew_routed.rpt"/>
  <File Type="ROUTE-BUS-SKEW-PB" Name="WIFI_TOP_bus_skew_routed.pb"/>
  <File Type="ROUTE-BUS-SKEW-RPX" Name="WIFI_TOP_bus_skew_routed.rpx"/>
  <File Type="POSTROUTE-PHYSOPT-DCP" Name="WIFI_TOP_postroute_physopt.dcp"/>
  <File Type="POSTROUTE-PHYSOPT-BLACKBOX-DCP" Name="WIFI_TOP_postroute_physopt_bb.dcp"/>
  <File Type="POSTROUTE-PHYSOPT-TIMING" Name="WIFI_TOP_timing_summary_postroute_physopted.rpt"/>
  <File Type="POSTROUTE-PHYSOPT-TIMING-PB" Name="WIFI_TOP_timing_summary_postroute_physopted.pb"/>
  <File Type="POSTROUTE-PHYSOPT-TIMING-RPX" Name="WIFI_TOP_timing_summary_postroute_physopted.rpx"/>
  <File Type="POSTROUTE-PHYSOPT-BUS-SKEW" Name="WIFI_TOP_bus_skew_postroute_physopted.rpt"/>
  <File Type="POSTROUTE-PHYSOPT-BUS-SKEW-PB" Name="WIFI_TOP_bus_skew_postroute_physopted.pb"/>
  <File Type="BG-BIT" Name="WIFI_TOP.bit"/>
  <File Type="POSTROUTE-PHYSOPT-BUS-SKEW-RPX" Name="WIFI_TOP_bus_skew_postroute_physopted.rpx"/>
  <File Type="BITSTR-RBT" Name="WIFI_TOP.rbt"/>
  <File Type="BITSTR-NKY" Name="WIFI_TOP.nky"/>
  <File Type="BG-DRC" Name="WIFI_TOP.drc"/>
  <File Type="RDI-RDI" Name="WIFI_TOP.vdi"/>
  <File Type="WBT-USG" Name="usage_statistics_webtalk.html"/>
  <FileSet Name="sources" Type="DesignSrcs" RelSrcDir="$PSRCDIR/sources_1">
    <Filter Type="Srcs"/>
    <File Path="$PSRCDIR/sources_1/imports/ESP_8266 IO control/ESP_FPGA_PACK.vhd">
      <FileInfo>
        <Attr Name="ImportPath" Val="$PPRDIR/../../../GIT/Spartan6-starter-kit/esp8266 IO control/ESP_8266 IO control/ESP_FPGA_PACK.vhd"/>
        <Attr Name="ImportTime" Val="1587401110"/>
        <Attr Name="UsedIn" Val="synthesis"/>
        <Attr Name="UsedIn" Val="simulation"/>
      </FileInfo>
    </File>
    <File Path="$PSRCDIR/sources_1/imports/ESP_8266 IO control/Receiver.vhd">
      <FileInfo>
        <Attr Name="ImportPath" Val="$PPRDIR/../../../GIT/Spartan6-starter-kit/esp8266 IO control/ESP_8266 IO control/Receiver.vhd"/>
        <Attr Name="ImportTime" Val="1587140411"/>
        <Attr Name="UsedIn" Val="synthesis"/>
        <Attr Name="UsedIn" Val="simulation"/>
      </FileInfo>
    </File>
    <File Path="$PSRCDIR/sources_1/imports/ESP_8266 IO control/Transmitter.vhd">
      <FileInfo>
        <Attr Name="ImportPath" Val="$PPRDIR/../../../GIT/Spartan6-starter-kit/esp8266 IO control/ESP_8266 IO control/Transmitter.vhd"/>
        <Attr Name="ImportTime" Val="1587140527"/>
        <Attr Name="UsedIn" Val="synthesis"/>
        <Attr Name="UsedIn" Val="simulation"/>
      </FileInfo>
    </File>
    <File Path="$PSRCDIR/sources_1/imports/ESP_8266 IO control/UART.vhd">
      <FileInfo>
        <Attr Name="ImportPath" Val="$PPRDIR/../../../GIT/Spartan6-starter-kit/esp8266 IO control/ESP_8266 IO control/UART.vhd"/>
        <Attr Name="ImportTime" Val="1587140565"/>
        <Attr Name="UsedIn" Val="synthesis"/>
        <Attr Name="UsedIn" Val="simulation"/>
      </FileInfo>
    </File>
    <File Path="$PSRCDIR/sources_1/imports/ESP_8266 IO control/esp8266_driver.vhd">
      <FileInfo>
        <Attr Name="ImportPath" Val="$PPRDIR/../../../GIT/Spartan6-starter-kit/esp8266 IO control/ESP_8266 IO control/esp8266_driver.vhd"/>
        <Attr Name="ImportTime" Val="1587483513"/>
        <Attr Name="UsedIn" Val="synthesis"/>
        <Attr Name="UsedIn" Val="simulation"/>
      </FileInfo>
    </File>
    <File Path="$PSRCDIR/sources_1/bd/design_2/hdl/design_2_wrapper.vhd">
      <FileInfo>
        <Attr Name="UsedIn" Val="synthesis"/>
        <Attr Name="UsedIn" Val="simulation"/>
      </FileInfo>
    </File>
    <File Path="$PSRCDIR/sources_1/imports/ESP_8266 IO control/wifi_top.vhd">
      <FileInfo>
        <Attr Name="ImportPath" Val="$PPRDIR/../../../GIT/Spartan6-starter-kit/esp8266 IO control/ESP_8266 IO control/wifi_top.vhd"/>
        <Attr Name="ImportTime" Val="1587282955"/>
        <Attr Name="UsedIn" Val="synthesis"/>
        <Attr Name="UsedIn" Val="simulation"/>
      </FileInfo>
    </File>
    <File Path="$PSRCDIR/sources_1/bd/design_2/design_2.bd">
      <FileInfo>
        <Attr Name="UsedIn" Val="synthesis"/>
        <Attr Name="UsedIn" Val="implementation"/>
        <Attr Name="UsedIn" Val="simulation"/>
      </FileInfo>
    </File>
    <File Path="$PSRCDIR/sources_1/new/SEVEN_SEGMENT.vhd">
      <FileInfo>
        <Attr Name="UsedIn" Val="synthesis"/>
        <Attr Name="UsedIn" Val="simulation"/>
      </FileInfo>
    </File>
    <File Path="$PSRCDIR/sources_1/new/VGA.vhd">
      <FileInfo>
        <Attr Name="UsedIn" Val="synthesis"/>
        <Attr Name="UsedIn" Val="simulation"/>
      </FileInfo>
    </File>
    <File Path="$PSRCDIR/sources_1/new/UART_CONTROL.vhd">
      <FileInfo>
        <Attr Name="UsedIn" Val="synthesis"/>
        <Attr Name="UsedIn" Val="simulation"/>
      </FileInfo>
    </File>
    <Config>
      <Option Name="DesignMode" Val="RTL"/>
      <Option Name="TopModule" Val="WIFI_TOP"/>
    </Config>
  </FileSet>
  <FileSet Name="constrs_in" Type="Constrs" RelSrcDir="$PSRCDIR/constrs_1">
    <Filter Type="Constrs"/>
    <File Path="$PSRCDIR/constrs_1/new/top.xdc">
      <FileInfo>
        <Attr Name="UsedIn" Val="synthesis"/>
        <Attr Name="UsedIn" Val="implementation"/>
      </FileInfo>
    </File>
    <Config>
      <Option Name="ConstrsType" Val="XDC"/>
    </Config>
  </FileSet>
  <FileSet Name="utils" Type="Utils" RelSrcDir="$PSRCDIR/utils_1">
    <Filter Type="Utils"/>
    <Config>
      <Option Name="TopAutoSet" Val="TRUE"/>
    </Config>
  </FileSet>
  <Strategy Version="1" Minor="2">
    <StratHandle Name="Vivado Implementation Defaults" Flow="Vivado Implementation 2019"/>
    <Step Id="init_design"/>
    <Step Id="opt_design"/>
    <Step Id="power_opt_design"/>
    <Step Id="place_design"/>
    <Step Id="post_place_power_opt_design"/>
    <Step Id="phys_opt_design"/>
    <Step Id="route_design"/>
    <Step Id="post_route_phys_opt_design"/>
    <Step Id="write_bitstream">
      <Option Id="BinFile">1</Option>
    </Step>
  </Strategy>
  <BlockFileSet Type="BlockSrcs" Name="design_2_clk_wiz_0_0"/>
</GenRun>
