<?xml version="1.0" encoding="UTF-8"?>
<GenRun Id="synth_1" LaunchPart="xc7s15ftgb196-1" LaunchTime="1611574855">
  <File Type="PA-TCL" Name="WIFI_TOP.tcl"/>
  <File Type="RDS-PROPCONSTRS" Name="WIFI_TOP_drc_synth.rpt"/>
  <File Type="REPORTS-TCL" Name="WIFI_TOP_reports.tcl"/>
  <File Type="RDS-RDS" Name="WIFI_TOP.vds"/>
  <File Type="RDS-UTIL" Name="WIFI_TOP_utilization_synth.rpt"/>
  <File Type="RDS-UTIL-PB" Name="WIFI_TOP_utilization_synth.pb"/>
  <File Type="RDS-DCP" Name="WIFI_TOP.dcp"/>
  <File Type="VDS-TIMINGSUMMARY" Name="WIFI_TOP_timing_summary_synth.rpt"/>
  <File Type="VDS-TIMING-PB" Name="WIFI_TOP_timing_summary_synth.pb"/>
  <FileSet Name="sources" Type="DesignSrcs" RelSrcDir="$PSRCDIR/sources_1">
    <Filter Type="Srcs"/>
    <File Path="$PSRCDIR/sources_1/imports/ESP_8266 IO control/ESP_FPGA_PACK.vhd">
      <FileInfo>
        <Attr Name="ImportPath" Val="$PPRDIR/../../../GIT/Spartan6-starter-kit/esp8266 IO control/ESP_8266 IO control/ESP_FPGA_PACK.vhd"/>
        <Attr Name="ImportTime" Val="1587401110"/>
        <Attr Name="UsedIn" Val="synthesis"/>
        <Attr Name="UsedIn" Val="simulation"/>
      </FileInfo>
    </File>
    <File Path="$PSRCDIR/sources_1/imports/ESP_8266 IO control/Receiver.vhd">
      <FileInfo>
        <Attr Name="ImportPath" Val="$PPRDIR/../../../GIT/Spartan6-starter-kit/esp8266 IO control/ESP_8266 IO control/Receiver.vhd"/>
        <Attr Name="ImportTime" Val="1587140411"/>
        <Attr Name="UsedIn" Val="synthesis"/>
        <Attr Name="UsedIn" Val="simulation"/>
      </FileInfo>
    </File>
    <File Path="$PSRCDIR/sources_1/imports/ESP_8266 IO control/Transmitter.vhd">
      <FileInfo>
        <Attr Name="ImportPath" Val="$PPRDIR/../../../GIT/Spartan6-starter-kit/esp8266 IO control/ESP_8266 IO control/Transmitter.vhd"/>
        <Attr Name="ImportTime" Val="1587140527"/>
        <Attr Name="UsedIn" Val="synthesis"/>
        <Attr Name="UsedIn" Val="simulation"/>
      </FileInfo>
    </File>
    <File Path="$PSRCDIR/sources_1/imports/ESP_8266 IO control/UART.vhd">
      <FileInfo>
        <Attr Name="ImportPath" Val="$PPRDIR/../../../GIT/Spartan6-starter-kit/esp8266 IO control/ESP_8266 IO control/UART.vhd"/>
        <Attr Name="ImportTime" Val="1587140565"/>
        <Attr Name="UsedIn" Val="synthesis"/>
        <Attr Name="UsedIn" Val="simulation"/>
      </FileInfo>
    </File>
    <File Path="$PSRCDIR/sources_1/imports/ESP_8266 IO control/esp8266_driver.vhd">
      <FileInfo>
        <Attr Name="ImportPath" Val="$PPRDIR/../../../GIT/Spartan6-starter-kit/esp8266 IO control/ESP_8266 IO control/esp8266_driver.vhd"/>
        <Attr Name="ImportTime" Val="1587483513"/>
        <Attr Name="UsedIn" Val="synthesis"/>
        <Attr Name="UsedIn" Val="simulation"/>
      </FileInfo>
    </File>
    <File Path="$PSRCDIR/sources_1/bd/design_2/hdl/design_2_wrapper.vhd">
      <FileInfo>
        <Attr Name="UsedIn" Val="synthesis"/>
        <Attr Name="UsedIn" Val="simulation"/>
      </FileInfo>
    </File>
    <File Path="$PSRCDIR/sources_1/imports/ESP_8266 IO control/wifi_top.vhd">
      <FileInfo>
        <Attr Name="ImportPath" Val="$PPRDIR/../../../GIT/Spartan6-starter-kit/esp8266 IO control/ESP_8266 IO control/wifi_top.vhd"/>
        <Attr Name="ImportTime" Val="1587282955"/>
        <Attr Name="UsedIn" Val="synthesis"/>
        <Attr Name="UsedIn" Val="simulation"/>
      </FileInfo>
    </File>
    <File Path="$PSRCDIR/sources_1/bd/design_2/design_2.bd">
      <FileInfo>
        <Attr Name="UsedIn" Val="synthesis"/>
        <Attr Name="UsedIn" Val="implementation"/>
        <Attr Name="UsedIn" Val="simulation"/>
      </FileInfo>
    </File>
    <File Path="$PSRCDIR/sources_1/new/SEVEN_SEGMENT.vhd">
      <FileInfo>
        <Attr Name="UsedIn" Val="synthesis"/>
        <Attr Name="UsedIn" Val="simulation"/>
      </FileInfo>
    </File>
    <File Path="$PSRCDIR/sources_1/new/VGA.vhd">
      <FileInfo>
        <Attr Name="UsedIn" Val="synthesis"/>
        <Attr Name="UsedIn" Val="simulation"/>
      </FileInfo>
    </File>
    <File Path="$PSRCDIR/sources_1/new/UART_CONTROL.vhd">
      <FileInfo>
        <Attr Name="UsedIn" Val="synthesis"/>
        <Attr Name="UsedIn" Val="simulation"/>
      </FileInfo>
    </File>
    <Config>
      <Option Name="DesignMode" Val="RTL"/>
      <Option Name="TopModule" Val="WIFI_TOP"/>
    </Config>
  </FileSet>
  <FileSet Name="constrs_in" Type="Constrs" RelSrcDir="$PSRCDIR/constrs_1">
    <Filter Type="Constrs"/>
    <File Path="$PSRCDIR/constrs_1/new/top.xdc">
      <FileInfo>
        <Attr Name="UsedIn" Val="synthesis"/>
        <Attr Name="UsedIn" Val="implementation"/>
      </FileInfo>
    </File>
    <Config>
      <Option Name="ConstrsType" Val="XDC"/>
    </Config>
  </FileSet>
  <FileSet Name="utils" Type="Utils" RelSrcDir="$PSRCDIR/utils_1">
    <Filter Type="Utils"/>
    <Config>
      <Option Name="TopAutoSet" Val="TRUE"/>
    </Config>
  </FileSet>
  <Strategy Version="1" Minor="2">
    <StratHandle Name="Vivado Synthesis Defaults" Flow="Vivado Synthesis 2019"/>
    <Step Id="synth_design"/>
  </Strategy>
  <BlockFileSet Type="BlockSrcs" Name="design_2_clk_wiz_0_0"/>
</GenRun>
